state,forecast_month,forecast_step,forecast_mean,ci_80_lower,ci_80_upper,ci_95_lower,ci_95_upper
Andaman And Nicobar Islands,2026-01,1,1763.5,1263.1794819827994,2263.820518017201,998.5793952311129,2528.420604768887
Andaman And Nicobar Islands,2026-02,2,2063.5,1355.9399378865423,2771.0600621134577,981.73890659721,3145.26109340279
Andaman And Nicobar Islands,2026-03,3,2363.4999999999995,1496.9194427250281,3230.080557274971,1038.6186487839748,3688.381351216024
Andaman And Nicobar Islands,2026-04,4,2663.4999999999995,1662.8589639655984,3664.1410360344007,1133.6587904622254,4193.3412095377735
Andaman And Nicobar Islands,2026-05,5,2963.4999999999995,1844.7493111756305,4082.250688824369,1253.0855303465182,4673.91446965348
Andaman And Nicobar Islands,2026-06,6,3263.4999999999995,2037.9700230129004,4489.029976987099,1389.8348245751056,5137.165175424893
Andaman And Nicobar Islands,2026-07,7,3563.4999999999995,2239.776333503476,4887.223666496523,1539.710307072397,5587.289692927602
Andaman And Nicobar Islands,2026-08,8,3863.499999999999,2448.3798757730838,5278.620124226914,1699.977813194419,6027.02218680558
Andaman And Nicobar Islands,2026-09,9,4163.499999999999,2662.538445948397,5664.461554051601,1868.738185693338,6458.26181430666
Andaman And Nicobar Islands,2026-10,10,4463.499999999999,2881.3476029503345,6045.652397049664,2044.6086597368612,6882.391340263137
Andaman And Nicobar Islands,2026-11,11,4763.499999999998,3104.124566820695,6422.875433179302,2226.5453595698623,7300.4546404301345
Andaman And Nicobar Islands,2026-12,12,5063.499999999998,3330.3388854500554,6796.661114549941,2413.7372975679486,7713.262702432048
Andhra Pradesh,2026-01,1,273983.57142857136,132443.4398119785,415523.70304516423,57588.36240476323,490378.7804523795
Andhra Pradesh,2026-02,2,288243.49999999994,88075.52624774139,488411.47375225846,0.0,594272.5394340302
Andhra Pradesh,2026-03,3,302503.4285714285,57348.729301503656,547658.1278413534,0.0,677310.9251151513
Andhra Pradesh,2026-04,4,316763.35714285704,33683.0939096713,599843.6203760428,0.0,749553.7751904733
Andhra Pradesh,2026-05,5,331023.2857142856,14529.929875316739,647516.6415532546,0.0,814897.6830967965
Andhra Pradesh,2026-06,6,345283.2142857142,0.0,691984.3148727394,0.0,875341.059176954
Andhra Pradesh,2026-07,7,359543.1428571428,0.0,734023.131649998,0.0,932071.0508399792
Andhra Pradesh,2026-08,8,373803.07142857136,0.0,774139.0189330885,0.0,985861.1502966319
Andhra Pradesh,2026-09,9,388062.9999999999,0.0,812683.3948497785,0.0,1037248.6270714243
Andhra Pradesh,2026-10,10,402322.92857142846,0.0,849912.1247998723,0.0,1086624.6638348838
Andhra Pradesh,2026-11,11,416582.85714285704,0.0,886018.3664926151,0.0,1134284.5719053578
Andhra Pradesh,2026-12,12,430842.78571428556,0.0,921152.1842541352,0.0,1180457.7788017313
Arunachal Pradesh,2026-01,1,2432.499999999998,0.0,4986.53495945396,0.0,6337.264836606679
Arunachal Pradesh,2026-02,2,1182.8999999999978,0.0,4794.850878434809,0.0,6705.071389806729
Arunachal Pradesh,2026-03,3,0.0,0.0,4423.718314081379,0.0,6763.251088611157
Arunachal Pradesh,2026-04,4,0.0,0.0,5108.069918907923,0.0,7809.529673213362
Arunachal Pradesh,2026-05,5,0.0,0.0,5710.995786249978,0.0,8731.319610803399
Arunachal Pradesh,2026-06,6,0.0,0.0,6256.082435892128,0.0,9564.681415248497
Arunachal Pradesh,2026-07,7,0.0,0.0,6757.341342480117,0.0,10331.036685851039
Arunachal Pradesh,2026-08,8,0.0,0.0,7223.901756869622,0.0,11044.342779613462
Arunachal Pradesh,2026-09,9,0.0,0.0,7662.104878361884,0.0,11714.294509820043
Arunachal Pradesh,2026-10,10,0.0,0.0,8076.567695570316,0.0,12347.95061101234
Arunachal Pradesh,2026-11,11,0.0,0.0,8470.775661959358,0.0,12950.639857597771
Arunachal Pradesh,2026-12,12,0.0,0.0,8847.436628162757,0.0,13526.502177222314
Assam,2026-01,1,155814.66666666663,64437.145839468125,247192.18749386515,16111.124684366281,295518.208648967
Assam,2026-02,2,170197.66666666663,40970.33741681253,299424.9959165207,0.0,367768.31044959486
Assam,2026-03,3,184580.66666666663,26310.157924275554,342851.1754090577,0.0,426554.29937734245
Assam,2026-04,4,198963.66666666663,16208.625012269622,381718.70832106366,0.0,478370.7506312673
Assam,2026-05,5,213346.66666666657,9020.318481647904,417673.01485168526,0.0,525733.2832365859
Assam,2026-06,6,227729.66666666657,3901.3666794876335,451557.9666538455,0.0,569932.0597827903
Assam,2026-07,7,242112.66666666657,350.4711362741946,483874.862197059,0.0,611733.4960267048
Assam,2026-08,8,256495.66666666657,0.0,514950.3251663748,0.0,651636.954232523
Assam,2026-09,9,270878.66666666657,0.0,545011.2291482621,0.0,689989.2926135676
Assam,2026-10,10,285261.6666666665,0.0,574222.7594200871,0.0,727043.0565236902
Assam,2026-11,11,299644.6666666665,0.0,602709.6175233698,0.0,762988.8973056201
Assam,2026-12,12,314027.6666666665,0.0,630568.6841514487,0.0,797974.9320880182
Bihar,2026-01,1,721463.5714285714,242607.18468932633,1200319.9581678165,0.0,1453568.4996726587
Bihar,2026-02,2,780709.8928571427,103504.69630152639,1457915.089412759,0.0,1816062.611460113
Bihar,2026-03,3,839956.2142857143,10552.622924490366,1669359.8056469383,0.0,2107999.146476041
Bihar,2026-04,4,899202.5357142857,0.0,1856915.3091927757,0.0,2363412.3922024607
Bihar,2026-05,5,958448.8571428573,0.0,2029204.289351738,0.0,2595485.2433592426
Bihar,2026-06,6,1017695.1785714286,0.0,2190648.986155424,0.0,2810978.6909463354
Bihar,2026-07,7,1076941.5,0.0,2343876.41302701,0.0,3013909.0737386425
Bihar,2026-08,8,1136187.8214285716,0.0,2490598.2145398045,0.0,3206893.258634512
Bihar,2026-09,9,1195434.142857143,0.0,2632003.3030748777,0.0,3391748.9275894053
Bihar,2026-10,10,1254680.4642857146,0.0,2768957.318500179,0.0,3569799.523771167
Bihar,2026-11,11,1313926.785714286,0.0,2902113.748993679,0.0,3742044.1398699875
Bihar,2026-12,12,1373173.1071428575,0.0,3031980.2898653056,0.0,3909258.971523511
Chandigarh,2026-01,1,4084.599999999997,804.171865954564,7365.02813404543,0.0,9099.91914409442
Chandigarh,2026-02,2,3418.7999999999965,0.0,8058.025957557314,0.0,10511.532353207753
Chandigarh,2026-03,3,2752.9999999999964,0.0,8434.868198745055,0.0,11439.78757374439
Chandigarh,2026-04,4,2087.1999999999953,0.0,8648.056268090862,0.0,12117.83828818884
Chandigarh,2026-05,5,1421.3999999999942,0.0,8756.660303028375,0.0,12635.994535051184
Chandigarh,2026-06,6,755.599999999994,0.0,8790.975066281642,0.0,13040.572800243386
Chandigarh,2026-07,7,89.79999999999382,0.0,8768.997036503868,0.0,13359.087200895152
Chandigarh,2026-08,8,0.0,0.0,9278.451915114634,0.0,14185.46470641551
Chandigarh,2026-09,9,0.0,0.0,9841.2844021363,0.0,15045.957432283267
Chandigarh,2026-10,10,0.0,0.0,10373.624604079716,0.0,15859.831687984588
Chandigarh,2026-11,11,0.0,0.0,10879.94927235439,0.0,16633.931804847587
Chandigarh,2026-12,12,0.0,0.0,11363.736397490115,0.0,17373.575147488787
Chhattisgarh,2026-01,1,232111.38888888888,126970.24267481534,337252.5351029624,71365.17470824602,392857.60306953173
Chhattisgarh,2026-02,2,246947.68888888886,98255.65394949346,395639.7238282843,19618.212694493384,474277.1650832844
Chhattisgarh,2026-03,3,261783.98888888885,79674.1816800854,443893.79609769234,0.0,540204.598974111
Chhattisgarh,2026-04,4,276620.28888888884,66337.99646074176,486902.58131703595,0.0,598112.7172501746
Chhattisgarh,2026-05,5,291456.58888888883,56353.83872197574,526559.339055802,0.0,650896.050922547
Chhattisgarh,2026-06,6,306292.8888888889,48750.72969304939,563835.0480847284,0.0,700039.0917156014
Chhattisgarh,2026-07,7,321129.1888888888,42951.86344616994,599306.5143316076,0.0,746423.6958059941
Chhattisgarh,2026-08,8,335965.48888888885,38581.419010098034,633349.5587676796,0.0,790624.4412776798
Chhattisgarh,2026-09,9,350801.7888888888,35378.35024666815,666225.2275311095,0.0,833040.4314308173
Chhattisgarh,2026-10,10,365638.08888888883,33152.59105162689,698123.5867261507,0.0,873962.2509489773
Chhattisgarh,2026-11,11,380474.3888888888,31760.656868910708,729188.1209088669,0.0,913609.2677961877
Chhattisgarh,2026-12,12,395310.6888888888,31091.0744712819,759530.3033064958,0.0,952151.9090593331
Dadra And Nagar Haveli And Daman And Diu,2026-01,1,2117.5,1505.0819444782837,2729.9180555217163,1181.1978246313854,3053.8021753686144
Dadra And Nagar Haveli And Daman And Diu,2026-02,2,2239.0999999999995,1373.0100800390292,3105.1899199609697,914.9687651142726,3563.2312348857263
Dadra And Nagar Haveli And Daman And Diu,2026-03,3,2360.7,1299.9608123638498,3421.4391876361497,738.9770610242945,3982.422938975705
Dadra And Nagar Haveli And Daman And Diu,2026-04,4,2482.2999999999993,1257.4638889565667,3707.136111043432,609.6956492627701,4354.904350737228
Dadra And Nagar Haveli And Daman And Diu,2026-05,5,2603.8999999999996,1234.4915972052015,3973.308402794798,510.26468839484824,4697.535311605151
Dadra And Nagar Haveli And Daman And Diu,2026-06,6,2725.499999999999,1225.3882547043363,4225.611745295662,432.0374252890015,5018.962574710997
Dadra And Nagar Haveli And Daman And Diu,2026-07,7,2847.0999999999995,1226.7941266837913,4467.405873316207,369.87729196585906,5324.32270803414
Dadra And Nagar Haveli And Daman And Diu,2026-08,8,2968.699999999999,1236.5201600780583,4700.8798399219395,320.43753022854526,5616.962469771453
Dadra And Nagar Haveli And Daman And Diu,2026-09,9,3090.2999999999993,1253.0458334348505,4927.554166565148,281.39347389415525,5899.206526105843
Dadra And Nagar Haveli And Daman And Diu,2026-10,10,3211.8999999999987,1275.264064339917,5148.53593566008,251.0525476647722,6172.747452335225
Dadra And Nagar Haveli And Daman And Diu,2026-11,11,3333.499999999999,1302.3390949954253,5364.660905004573,228.1369939087631,6438.863006091235
Dadra And Nagar Haveli And Daman And Diu,2026-12,12,3455.0999999999985,1333.6216247276984,5576.578375272298,211.65412204858785,6698.545877951409
Delhi,2026-01,1,52995.99999999997,0.0,114371.66873297315,0.0,146830.8757539995
Delhi,2026-02,2,42047.06666666665,0.0,128845.36978855565,0.0,174749.62058156714
Delhi,2026-03,3,31098.133333333317,0.0,137403.9099273594,0.0,193624.9056611735
Delhi,2026-04,4,20149.199999999983,0.0,142900.53746594634,0.0,207818.9515079991
Delhi,2026-05,5,9200.266666666663,0.0,146440.4341181031,0.0,219021.42751285652
Delhi,2026-06,6,0.0,0.0,150339.071017876,0.0,229847.56567475584
Delhi,2026-07,7,0.0,0.0,162384.7560177298,0.0,248263.7455497273
Delhi,2026-08,8,0.0,0.0,173596.606243778,0.0,265405.107829801
Delhi,2026-09,9,0.0,0.0,184127.00619891955,0.0,281504.62726199866
Delhi,2026-10,10,0.0,0.0,194086.906112176,0.0,296731.93134154833
Delhi,2026-11,11,0.0,0.0,203560.06444441964,0.0,311215.0751256338
Delhi,2026-12,12,0.0,0.0,212611.55318805217,0.0,325053.54465568037
Goa,2026-01,1,7157.0,5434.70817660341,8879.29182339659,4523.854934588677,9790.145065411323
Goa,2026-02,2,7867.700000000001,5432.011544988256,10303.388455011745,4143.870536799517,11591.529463200484
Goa,2026-03,3,8578.400000000001,5595.303056416664,11561.496943583339,4017.6589630083163,13139.141036991687
Goa,2026-04,4,9289.100000000002,5844.516353206823,12733.683646793183,4022.8098691773566,14555.390130822649
Goa,2026-05,5,9999.800000000001,6148.638405793164,13850.961594206838,4111.908639122153,15887.691360877849
Goa,2026-06,6,10710.5,6491.763844510717,14929.236155489283,4260.638171014825,17160.361828985173
Goa,2026-07,7,11421.2,6864.444150212649,15977.955849787351,4454.552990964736,18387.847009035264
Goa,2026-08,8,12131.900000000001,7260.523089976512,17003.27691002349,4684.241073599034,19579.55892640097
Goa,2026-09,9,12842.600000000002,7675.724529810233,18009.47547018977,4943.164803766034,20742.03519623397
Goa,2026-10,10,13553.300000000003,8106.935042582303,18999.664957417703,5226.564183667171,21880.035816332835
Goa,2026-11,11,14264.000000000004,8551.80424229647,19976.195757703535,5530.845799454819,22997.15420054519
Goa,2026-12,12,14974.7,9008.506112833325,20940.893887166676,5853.21792601663,24096.18207398337
Gujarat,2026-01,1,188318.83333333326,51483.931678057736,325153.73498860875,0.0,397520.399046547
Gujarat,2026-02,2,195802.26666666655,2288.4929397872183,389316.0403935459,0.0,491657.95816797967
Gujarat,2026-03,3,203285.6999999999,0.0,440290.70191562775,0.0,565633.4408382452
Gujarat,2026-04,4,210769.1333333332,0.0,484438.9366438842,0.0,629172.2647597606
Gujarat,2026-05,5,218252.56666666653,0.0,524224.70846236113,0.0,686041.4886008017
Gujarat,2026-06,6,225735.99999999983,0.0,560911.6880593421,0.0,738173.0893886979
Gujarat,2026-07,7,233219.43333333317,0.0,595250.5537871728,0.0,786714.7500958336
Gujarat,2026-08,8,240702.86666666646,0.0,627730.4141204251,0.0,832414.2496692927
Gujarat,2026-09,9,248186.2999999998,0.0,658691.0049658264,0.0,875790.997139641
Gujarat,2026-10,10,255669.7333333331,0.0,688379.6859691481,0.0,917223.171060476
Gujarat,2026-11,11,263153.16666666645,0.0,716983.1936823963,0.0,956996.2656922753
Gujarat,2026-12,12,270636.59999999974,0.0,744646.6038312555,0.0,995332.0816764905
Haryana,2026-01,1,96943.49999999994,62097.746016090336,131789.25398390956,43669.1803366124,150217.8196633875
Haryana,2026-02,2,97980.13333333327,48700.795458172,147259.47120849456,22638.867939170945,173321.3987274956
Haryana,2026-03,3,99016.7666666666,38662.150338489555,159371.38299484365,6742.9382710137,191290.5950623195
Haryana,2026-04,4,100053.39999999994,30361.892032180724,169744.90796781913,0.0,206602.039326775
Haryana,2026-05,5,101090.03333333327,23172.558698077264,179007.50796858926,0.0,220215.03355572151
Haryana,2026-06,6,102126.6666666666,16772.349703533968,187480.98362979922,0.0,232621.56623588654
Haryana,2026-07,7,103163.29999999992,10970.100712036889,195356.49928796294,0.0,244113.9010954816
Haryana,2026-08,8,104199.93333333325,5641.257583010694,202758.6090836558,0.0,254882.4641216579
Haryana,2026-09,9,105236.56666666658,699.3047149377671,209773.82861839538,0.0,265059.5256568292
Haryana,2026-10,10,106273.19999999991,0.0,216465.14937504055,0.0,274741.39093219937
Haryana,2026-11,11,107309.83333333324,0.0,222880.12483499327,0.0,284000.7626182425
Haryana,2026-12,12,108346.46666666657,0.0,229055.69932302067,0.0,292894.12345797237
Himachal Pradesh,2026-01,1,29883.799999999996,16944.52593874377,42823.07406125622,10101.446521012313,49666.153478987675
Himachal Pradesh,2026-02,2,34020.79999999999,15721.903135309032,52319.696864690944,6044.327414357023,61997.27258564295
Himachal Pradesh,2026-03,3,38157.79999999999,15746.319912846113,60569.280087153864,3893.758681106381,72421.8413188936
Himachal Pradesh,2026-04,4,42294.79999999999,16416.25187748753,68173.34812251244,2730.0930420246223,81859.50695797536
Himachal Pradesh,2026-05,5,46431.79999999999,17498.703619531283,75364.8963804687,2197.1128660540708,90666.4871339459
Himachal Pradesh,2026-06,6,50568.79999999999,18874.180907892423,82263.41909210755,2112.128065108547,99025.47193489142
Himachal Pradesh,2026-07,7,54705.79999999998,20471.698688207267,88939.9013117927,2366.6123470251478,107044.98765297481
Himachal Pradesh,2026-08,8,58842.79999999998,22245.00627061807,95440.59372938189,2889.854828714051,114795.7451712859
Himachal Pradesh,2026-09,9,62979.79999999998,24161.977816231294,101797.62218376866,3632.7395630369356,122326.86043696303
Himachal Pradesh,2026-10,10,67116.79999999997,26199.222697293226,108034.37730270672,4559.505527843001,129674.09447215695
Himachal Pradesh,2026-11,11,71253.79999999997,28339.08287923497,114168.51712076497,5643.156040016038,136864.4439599839
Himachal Pradesh,2026-12,12,75390.79999999997,30567.839825692223,120213.76017430772,6862.717362212759,143918.8826377872
Jammu And Kashmir,2026-01,1,55325.71428571428,35558.22739131318,75093.20118011539,25103.971451840524,85547.45711958804
Jammu And Kashmir,2026-02,2,61313.71428571428,33358.26622561983,89269.16234580873,18573.715691498117,104053.71287993045
Jammu And Kashmir,2026-03,3,67301.71428571428,33063.42264665965,101540.00592476889,14956.120204164305,119647.30836726425
Jammu And Kashmir,2026-04,4,73289.71428571428,33754.740496912076,112824.68807451648,12846.228617966757,133733.1999534618
Jammu And Kashmir,2026-05,5,79277.71428571428,35076.269845497205,123479.15872593134,11699.84291065541,146855.58566077315
Jammu And Kashmir,2026-06,6,85265.71428571428,36845.45789727788,133685.97067415068,11237.865205109498,159293.56336631905
Jammu And Kashmir,2026-07,7,91253.71428571428,38953.85991840045,143553.5686530281,11294.49856033588,171212.93001109269
Jammu And Kashmir,2026-08,8,97241.71428571428,41330.81816552537,153152.6104059032,11761.717097281944,182721.7114741466
Jammu And Kashmir,2026-09,9,103229.71428571428,43927.25360251097,162532.17496891756,12564.48578409299,193894.94278733555
Jammu And Kashmir,2026-10,10,109217.71428571428,46707.43208187846,171727.9964895501,13648.172070801476,204787.2565006271
Jammu And Kashmir,2026-11,11,115205.71428571428,49644.37720871811,180767.05136271042,14971.532795142906,215439.89577628564
Jammu And Kashmir,2026-12,12,121193.71428571428,52717.13100760503,189670.29756382352,16502.526122614334,225884.90244881422
Jharkhand,2026-01,1,116869.53333333327,0.0,274029.42622812,0.0,357145.18861709454
Jharkhand,2026-02,2,99618.44761904755,0.0,321876.09961195796,0.0,439419.5380294254
Jharkhand,2026-03,3,82367.36190476184,0.0,354576.2813106155,0.0,498537.0046781418
Jharkhand,2026-04,4,65116.276190476114,0.0,379436.0619800496,0.0,545667.5867579987
Jharkhand,2026-05,5,47865.190476190415,0.0,399285.39432551974,0.0,585137.8890289873
Jharkhand,2026-06,6,30614.104761904717,0.0,415575.6503845876,0.0,619166.8578199847
Jharkhand,2026-07,7,13363.01904761899,0.0,429169.01172077167,0.0,649072.6490315341
Jharkhand,2026-08,8,0.0,0.0,444515.30398582085,0.0,679602.1808207558
Jharkhand,2026-09,9,0.0,0.0,471479.6786843602,0.0,720826.9658512839
Jharkhand,2026-10,10,0.0,0.0,496983.2183756393,0.0,759818.3369861568
Jharkhand,2026-11,11,0.0,0.0,521240.3968244491,0.0,796904.1948330111
Jharkhand,2026-12,12,0.0,0.0,544417.8388117072,0.0,832339.2855467598
Karnataka,2026-01,1,182468.4722222222,67851.9215489627,297085.02289548167,7235.68024126385,357701.26420318056
Karnataka,2026-02,2,191078.58888888883,28986.30845434213,353170.86932343553,0.0,438895.17988086346
Karnataka,2026-03,3,199688.70555555553,1167.0164011772722,398210.3947099338,0.0,503200.8044187235
Karnataka,2026-04,4,208298.82222222217,0.0,437531.9235687412,0.0,558764.4061841388
Karnataka,2026-05,5,216908.9388888888,0.0,473199.3375408463,0.0,608741.3736453918
Karnataka,2026-06,6,225519.0555555555,0.0,506271.120782893,0.0,654749.9821121712
Karnataka,2026-07,7,234129.17222222214,0.0,537376.0614356995,0.0,697751.5613473514
Karnataka,2026-08,8,242739.28888888878,0.0,566923.8497579822,0.0,738372.470872838
Karnataka,2026-09,9,251349.40555555548,0.0,595199.057575334,0.0,777047.7814984305
Karnataka,2026-10,10,259959.52222222212,0.0,622408.8799018277,0.0,814094.2656325395
Karnataka,2026-11,11,268569.63888888876,0.0,648709.732236847,0.0,849751.0608561261
Karnataka,2026-12,12,277179.7555555554,0.0,674223.133864312,0.0,884203.9532818913
Kerala,2026-01,1,192690.5,149697.40980089462,235683.59019910538,126960.0344849871,258420.9655150129
Kerala,2026-02,2,220057.4,159255.98875209538,280858.8112479046,127100.48420757172,313014.3157924283
Kerala,2026-03,3,247424.3,172958.08340075793,321890.51659924205,133575.79412284365,361272.8058771563
Kerala,2026-04,4,274791.19999999995,188805.0196017892,360777.3803982107,143330.26896997416,406252.1310300258
Kerala,2026-05,5,302158.1,206022.62775202037,398293.5722479796,155180.31091572542,449135.88908427453
Kerala,2026-06,6,329525.0,224213.86654673942,434836.1334532606,168518.89893261253,490531.1010673875
Kerala,2026-07,7,356891.9,243142.87523899876,470640.92476100125,182985.43468676877,530798.3653132312
Kerala,2026-08,8,384258.79999999993,262655.9775041907,505861.62249580916,198344.96841514338,570172.6315848564
Kerala,2026-09,9,411625.69999999995,282646.42940268386,540604.970597316,214434.30345496128,608817.0965450386
Kerala,2026-10,10,438992.6,303036.5113217649,574948.688678235,231134.61730940663,646850.5826905933
Kerala,2026-11,11,466359.5,323767.55123166135,608951.4487683387,248356.2085913075,684362.7914086925
Kerala,2026-12,12,493726.3999999999,344793.9668015158,642658.833198484,266029.38824568724,721423.4117543126
Ladakh,2026-01,1,1384.0,885.0858741138411,1882.914125886159,621.2295735281814,2146.7704264718186
Ladakh,2026-02,2,1683.5,977.9288767122764,2389.071123287724,604.7797179064444,2762.2202820935554
Ladakh,2026-03,3,1983.0,1118.855385351358,2847.144614648642,661.8428668398296,3304.1571331601704
Ladakh,2026-04,4,2282.5,1284.6717482276822,3280.328251772318,756.9591470563628,3808.040852943637
Ladakh,2026-05,5,2582.0,1466.394099583661,3697.605900416339,876.3934751825084,4287.606524817492
Ladakh,2026-06,6,2881.5,1659.4149661122185,4103.585033887782,1013.1016642589302,4749.89833574107
Ladakh,2026-07,7,3181.0,1860.9972973280508,4501.002702671949,1162.8991441208889,5199.100855879111
Ladakh,2026-08,8,3480.5,2069.357753424553,4891.642246575448,1323.0594358128888,5637.940564187111
Ladakh,2026-09,9,3780.0,2283.2576223415235,5276.7423776584765,1491.6887205845442,6068.311279415456
Ladakh,2026-10,10,4079.5,2501.795005367765,5657.204994632235,1667.4081205310604,6491.59187946894
Ladakh,2026-11,11,4379.0,2724.289041827471,6033.710958172529,1849.1766942136055,6908.8233057863945
Ladakh,2026-12,12,4678.5,2950.210770702716,6406.789229297284,2036.1857336796593,7320.814266320341
Lakshadweep,2026-01,1,312.5,257.94058170443896,367.05941829556104,229.08622475873665,395.91377524126335
Lakshadweep,2026-02,2,346.20000000000005,269.0413306912309,423.3586693087692,228.2351077650643,464.1648922349358
Lakshadweep,2026-03,3,379.9000000000001,285.40031548068544,474.39968451931475,235.42310323100108,524.3768967689991
Lakshadweep,2026-04,4,413.6000000000001,304.481163408878,522.7188365911221,246.77244951747338,580.4275504825268
Lakshadweep,2026-05,5,447.30000000000007,325.30143187827986,569.2985681217202,260.7811283006463,633.8188716993538
Lakshadweep,2026-06,6,481.0000000000001,347.3572645128065,614.6427354871937,276.6788131397042,685.321186860296
Lakshadweep,2026-07,7,514.7000000000002,370.3493475135981,659.0506524864022,294.0078947945806,735.3921052054197
Lakshadweep,2026-08,8,548.4000000000001,394.0826613824617,702.7173386175384,312.4702155301286,784.3297844698716
Lakshadweep,2026-09,9,582.1000000000001,418.421745113317,745.7782548866833,331.8586742762101,832.3413257237902
Lakshadweep,2026-10,10,615.8000000000002,443.26797037216556,788.3320296278348,352.0224820042468,879.5775179957536
Lakshadweep,2026-11,11,649.5000000000002,468.5468807335725,830.453119266428,372.84780517769275,926.1521948223077
Lakshadweep,2026-12,12,683.2000000000002,494.20063096137085,872.1993690386295,394.24620646200214,972.1537935379981
Madhya Pradesh,2026-01,1,225009.58333333326,77785.16853103018,372233.9981356363,0.0,450095.2721106453
Madhya Pradesh,2026-02,2,223241.83333333326,15035.069207473978,431448.5974591925,0.0,541561.0670982974
Madhya Pradesh,2026-03,3,221474.08333333326,0.0,476474.24988551764,0.0,611333.9323522735
Madhya Pradesh,2026-04,4,219706.33333333326,0.0,514155.1629379394,0.0,669877.7108879574
Madhya Pradesh,2026-05,5,217938.58333333326,0.0,547142.3827789092,0.0,721245.4842017645
Madhya Pradesh,2026-06,6,216170.83333333326,0.0,576795.5272788305,0.0,767515.9192406457
Madhya Pradesh,2026-07,7,214403.08333333326,0.0,603922.2718172437,0.0,809923.839517783
Madhya Pradesh,2026-08,8,212635.33333333326,0.0,629048.8615850518,0.0,849273.8008632617
Madhya Pradesh,2026-09,9,210867.58333333326,0.0,652540.8277402425,0.0,886124.6496652693
Madhya Pradesh,2026-10,10,209099.83333333326,0.0,674664.3112940192,0.0,920883.2785774396
Madhya Pradesh,2026-11,11,207332.08333333326,0.0,695620.2272122181,0.0,953856.8586863865
Madhya Pradesh,2026-12,12,205564.33333333326,0.0,715564.666437702,0.0,985284.0313712137
Maharashtra,2026-01,1,954180.9722222218,376784.68959502806,1531577.2548494155,71422.22499187884,1836939.7194525646
Maharashtra,2026-02,2,1060019.5888888885,243457.93513370235,1876581.2426440746,0.0,2308428.9815255227
Maharashtra,2026-03,3,1165858.205555555,165778.5079438564,2165937.9031672534,0.0,2694841.2065843605
Maharashtra,2026-04,4,1271696.8222222216,116904.2569678342,2426489.387476609,0.0,3037214.3166829078
Maharashtra,2026-05,5,1377535.4388888883,86438.10097880219,2668632.7767989747,0.0,3351444.0054284893
Maharashtra,2026-06,6,1483374.0555555548,69047.78373910696,2897700.3273720024,0.0,3645682.552248408
Maharashtra,2026-07,7,1589212.6722222213,61565.70045750262,3116859.64398694,0.0,3924772.7850606367
Maharashtra,2026-08,8,1695051.288888888,61927.98137851572,3328174.59639926,0.0,4191870.074162156
Maharashtra,2026-09,9,1800889.9055555547,68701.0576739735,3533078.753437136,0.0,4449166.147246583
Maharashtra,2026-10,10,1906728.5222222211,80841.1566059785,3732615.8878384638,0.0,4698256.78790696
Maharashtra,2026-11,11,2012567.1388888876,97560.31406848412,3927573.963709291,0.0,4940346.6838561185
Maharashtra,2026-12,12,2118405.7555555543,118246.36033215723,4118565.150778951,0.0,5176371.757613165
Manipur,2026-01,1,80698.5,34499.89712675616,126897.10287324384,10067.25067741191,151329.7493225881
Manipur,2026-02,2,92023.9,26689.209253969908,157358.5907460301,0.0,191911.57071935956
Manipur,2026-03,3,103349.3,23330.97258484416,183367.62741515585,0.0,225686.21242878743
Manipur,2026-04,4,114674.70000000001,22277.494253512326,207071.9057464877,0.0,255937.1986451762
Manipur,2026-05,5,126000.1,22696.88350990966,229303.31649009034,0.0,283936.374821043
Manipur,2026-06,6,137325.5,24162.496131075764,250488.50386892422,0.0,310336.0207356408
Manipur,2026-07,7,148650.90000000002,26420.885878762754,270880.9141212373,0.0,335523.62049736746
Manipur,2026-08,8,159976.30000000002,29306.918507939845,290645.6814920602,0.0,359751.6414387191
Manipur,2026-09,9,171301.7,32705.8913802685,309897.5086197315,0.0,383195.4479677643
Manipur,2026-10,10,182627.1,36534.2902029503,328719.9097970497,0.0,405982.7218426033
Manipur,2026-11,11,193952.50000000003,40729.0684308153,347175.93156918476,0.0,428209.8524770687
Manipur,2026-12,12,205277.90000000002,45241.245169688336,365314.5548303117,0.0,449951.72485757485
Meghalaya,2026-01,1,0.0,0.0,9041.053078264138,0.0,13822.514846644079
Meghalaya,2026-02,2,0.0,0.0,12785.979881416164,0.0,19547.98796222752
Meghalaya,2026-03,3,0.0,0.0,15659.563285480483,0.0,23941.298002762673
Meghalaya,2026-04,4,0.0,0.0,18082.106156528276,0.0,27645.029693288157
Meghalaya,2026-05,5,0.0,0.0,20216.40927118234,0.0,30908.08281709624
Meghalaya,2026-06,6,0.0,0.0,22145.966779166283,0.0,33858.10833632286
Meghalaya,2026-07,7,0.0,0.0,23920.378035221896,0.0,36570.93677771834
Meghalaya,2026-08,8,0.0,0.0,25571.959762832328,0.0,39095.97592445504
Meghalaya,2026-09,9,0.0,0.0,27123.159234792416,0.0,41467.544539932234
Meghalaya,2026-10,10,0.0,0.0,28590.320173791242,0.0,43710.62990688832
Meghalaya,2026-11,11,0.0,0.0,29985.78077028984,0.0,45844.09540543532
Meghalaya,2026-12,12,0.0,0.0,31319.126570960965,0.0,47882.596005525345
Mizoram,2026-01,1,4574.428571428571,2631.2341640416644,6517.622978815477,1603.5541264376684,7545.303016419473
Mizoram,2026-02,2,5075.690476190475,2327.5985909363626,7823.782361444588,874.2395439766997,9277.141408404252
Mizoram,2026-03,3,5576.95238095238,2211.2409383745626,8942.663823530198,431.24689932014735,10722.657862584612
Mizoram,2026-04,4,6078.214285714284,2191.8254709404714,9964.603100488097,136.46539573247992,12019.963175696088
Mizoram,2026-05,5,6579.476190476189,2234.361402061646,10924.590978890732,0.0,13222.553402092806
Mizoram,2026-06,6,7080.738095238094,2320.9033261102304,11840.572864365957,0.0,14357.864575339976
Mizoram,2026-07,7,7581.999999999999,2440.790849002711,12723.209150997287,0.0,15442.194957842967
Mizoram,2026-08,8,8083.261904761904,2587.0781342536784,13579.44567527013,0.0,16486.163769189454
Mizoram,2026-09,9,8584.52380952381,2754.9405873630894,14414.107031684529,0.0,17497.147144496514
Mizoram,2026-10,10,9085.785714285714,2940.8654504419665,15230.705978129461,0.0,18480.515602845575
Mizoram,2026-11,11,9587.047619047618,3142.200875028234,16031.894363067004,0.0,19440.323452337783
Mizoram,2026-12,12,10088.309523809523,3356.8866386538884,16819.73240896516,0.0,20379.720487073988
Nagaland,2026-01,1,5239.999999999999,4897.3574686396905,5582.642531360308,4716.1471439421175,5763.852856057881
Nagaland,2026-02,2,5309.4,4824.830285104403,5793.969714895597,4568.560186275062,6050.239813724937
Nagaland,2026-03,3,5378.799999999999,4785.325726849933,5972.274273150066,4471.460237617682,6286.139762382317
Nagaland,2026-04,4,5448.199999999999,4762.914937279382,6133.485062720616,4400.494287884235,6495.905712115763
Nagaland,2026-05,5,5517.599999999999,4751.428007895746,6283.771992104253,4346.229403647163,6688.970596352836
Nagaland,2026-06,6,5586.999999999999,4747.70063399166,6426.299366008338,4303.827802358544,6870.172197641454
Nagaland,2026-07,7,5656.399999999999,4749.8530734269725,6562.946926573025,4270.415619279927,7042.38438072007
Nagaland,2026-08,8,5725.799999999999,4756.660570208805,6694.939429791193,4244.120372550125,7207.479627449874
Nagaland,2026-09,9,5795.199999999999,4767.272405919073,6823.127594080925,4223.641431826353,7366.758568173645
Nagaland,2026-10,10,5864.5999999999985,4781.069177655751,6948.130822344246,4208.031816072757,7521.1681839272405
Nagaland,2026-11,11,5933.999999999999,4797.583286260273,7070.416713739725,4196.576631099949,7671.423368900049
Nagaland,2026-12,12,6003.399999999999,4816.451453699865,7190.3485463001325,4188.720475235365,7818.079524764633
Odisha,2026-01,1,200304.8,124519.27506981906,276090.3249301809,84439.254864934,316170.34513506596
Odisha,2026-02,2,228700.0,121523.08281217383,335876.9171878262,64841.37465823768,392558.6253417623
Odisha,2026-03,3,257095.19999999998,125830.82034264883,388359.57965735113,56410.18897940076,457780.21102059924
Odisha,2026-04,4,285490.39999999997,133919.35013963812,437061.4498603618,53759.30972986799,517221.49027013197
Odisha,2026-05,5,313885.5999999999,144424.01454561035,483347.1854543895,54802.36482792231,572968.8351720775
Odisha,2026-06,6,342280.79999999993,156644.93403208294,527916.665967917,58469.33564967447,626092.2643503253
Odisha,2026-07,7,370675.99999999994,170166.34805625555,571185.6519437444,64124.582051685604,677227.4179483142
Odisha,2026-08,8,399071.19999999995,184717.3656243476,613425.0343756523,71353.94931647531,726788.4506835246
Odisha,2026-09,9,427466.3999999999,200109.82520945714,654822.9747905426,79869.76459480193,775063.0354051979
Odisha,2026-10,10,455861.5999999999,216206.72754915498,695516.4724508448,89462.5750361497,822260.6249638501
Odisha,2026-11,11,484256.7999999999,232904.64926646464,735608.9507335351,99974.2606569975,868539.3393430023
Odisha,2026-12,12,512651.9999999999,250123.24068529758,775180.7593147021,111281.97795880144,914022.0220411983
Puducherry,2026-01,1,6682.0,5154.548377699968,8209.451622300032,4346.738549369686,9017.261450630314
Puducherry,2026-02,2,7347.4,5187.257199874508,9507.542800125491,4044.841584831541,10649.958415168458
Puducherry,2026-03,3,8012.799999999999,5367.176184072838,10658.42381592716,3968.0085185512958,12057.591481448702
Puducherry,2026-04,4,8678.199999999999,5623.296755399935,11733.103244600063,4007.67709873937,13348.722901260628
Puducherry,2026-05,5,9343.599999999999,5928.114340194793,12759.085659805205,4121.796651155846,14565.403348844151
Puducherry,2026-06,6,10008.999999999998,6267.522918578545,13750.477081421452,4288.801029964078,15729.198970035919
Puducherry,2026-07,7,10674.399999999998,6633.142867711952,14715.657132288045,4495.878955316246,16852.92104468375
Puducherry,2026-08,8,11339.8,7019.514399749016,15660.085600250983,4734.683169663082,17944.916830336915
Puducherry,2026-09,9,12005.199999999999,7422.845133099902,16587.554866900096,4999.415648109056,19010.98435189094
Puducherry,2026-10,10,12670.599999999999,7840.373857812658,17500.82614218734,5285.8548840193525,20055.345115980643
Puducherry,2026-11,11,13335.999999999998,8270.016083411138,18401.98391658886,5590.813980878185,21081.18601912181
Puducherry,2026-12,12,14001.399999999998,8710.152368145675,19292.64763185432,5911.817037102591,22090.982962897404
Punjab,2026-01,1,95722.27777777775,49434.68985655234,142009.86569900316,24954.982672004116,166489.5728835514
Punjab,2026-02,2,100596.2444444444,35135.70983671035,166056.77905217843,516.175933400169,200676.31295548863
Punjab,2026-03,3,105470.21111111107,25297.757071737185,185642.66515048494,0.0,228042.76174853137
Punjab,2026-04,4,110344.17777777773,17769.0019353269,202919.35362022856,0.0,251878.767989325
Punjab,2026-05,5,115218.14444444439,11715.951338086175,218720.33755080262,0.0,273458.6268847424
Punjab,2026-06,6,120092.11111111107,6711.139279894895,233473.08294232725,0.0,293435.8745972138
Punjab,2026-07,7,124966.07777777771,2500.63134917806,247431.52420637736,0.0,312198.7415843731
Punjab,2026-08,8,129840.04444444439,0.0,260761.1136599125,0.0,330000.1814665329
Punjab,2026-09,9,134714.01111111103,0.0,273576.7748747873,0.0,347015.89642843197
Punjab,2026-10,10,139587.9777777777,0.0,285962.18300414854,0.0,363373.8141613088
Punjab,2026-11,11,144461.94444444435,0.0,297980.5060297357,0.0,379170.50973864953
Punjab,2026-12,12,149335.91111111103,0.0,309680.8191898588,0.0,394481.0123859516
Rajasthan,2026-01,1,129904.80555555542,0.0,434852.2053711222,0.0,596127.039282943
Rajasthan,2026-02,2,110132.52222222206,0.0,541393.2708518073,0.0,769470.3282393726
Rajasthan,2026-03,3,90360.23888888874,0.0,618544.6290054704,0.0,897880.8353229762
Rajasthan,2026-04,4,70587.95555555538,0.0,680482.755186689,0.0,1003032.4230103305
Rajasthan,2026-05,5,50815.67222222203,0.0,732698.7877716362,0.0,1093320.2794584557
Rajasthan,2026-06,6,31043.3888888887,0.0,778008.9168255203,0.0,1173049.968261586
Rajasthan,2026-07,7,11271.105555555318,0.0,818086.088423329,0.0,1244779.191687253
Rajasthan,2026-08,8,0.0,0.0,862521.4972591705,0.0,1318675.612034301
Rajasthan,2026-09,9,0.0,0.0,914842.1994467003,0.0,1398666.7011821626
Rajasthan,2026-10,10,0.0,0.0,964328.3499632018,0.0,1474324.1543899185
Rajasthan,2026-11,11,0.0,0.0,1011396.1059827284,0.0,1546284.218195123
Rajasthan,2026-12,12,0.0,0.0,1056368.7802331634,0.0,1615041.192868175
Sikkim,2026-01,1,1935.4999999999993,610.043740105317,3260.9562598946814,0.0,3961.9385876704964
Sikkim,2026-02,2,1583.299999999999,0.0,3457.778219075377,0.0,4449.116933999797
Sikkim,2026-03,3,1231.099999999999,0.0,3526.857585347807,0.0,4740.994592263418
Sikkim,2026-04,4,878.8999999999987,0.0,3529.8125197893633,0.0,4931.7771753409925
Sikkim,2026-05,5,526.6999999999985,0.0,3490.5102983271363,0.0,5057.9544342598965
Sikkim,2026-06,6,174.49999999999818,0.0,3421.1915131197766,0.0,5138.240534878911
Sikkim,2026-07,7,0.0,0.0,3506.8276373751246,0.0,5361.452550121096
Sikkim,2026-08,8,0.0,0.0,3748.9564381507553,0.0,5731.633867999595
Sikkim,2026-09,9,0.0,0.0,3976.368779684047,0.0,6079.315763011491
Sikkim,2026-10,10,0.0,0.0,4191.460720195288,0.0,6408.161475493575
Sikkim,2026-11,11,0.0,0.0,4396.0410900984525,0.0,6720.936456000755
Sikkim,2026-12,12,0.0,0.0,4591.515170695616,0.0,7019.789184526839
Tamil Nadu,2026-01,1,326513.9166666665,117659.8962916279,535367.9370417051,7205.117965359415,645822.7153679735
Tamil Nadu,2026-02,2,354336.83333333314,58972.64516280679,649701.0215038594,0.0,805907.6670417822
Tamil Nadu,2026-03,3,382159.7499999998,20413.975345407438,743905.5246545922,0.0,935218.8126544468
Tamil Nadu,2026-04,4,409982.66666666645,0.0,827690.7074167437,0.0,1048600.2640692806
Tamil Nadu,2026-05,5,437805.5833333331,0.0,904817.3702660456,0.0,1151801.7630432523
Tamil Nadu,2026-06,6,465628.49999999977,0.0,977214.2806476858,0.0,1247772.12719927
Tamil Nadu,2026-07,7,493451.4166666664,0.0,1046027.2148950356,0.0,1338263.0894651092
Tamil Nadu,2026-08,8,521274.333333333,0.0,1112002.7096743858,0.0,1424416.000750231
Tamil Nadu,2026-09,9,549097.2499999997,0.0,1175659.3111251155,0.0,1507023.6461039209
Tamil Nadu,2026-10,10,576920.1666666663,0.0,1237374.5695350026,0.0,1586663.247495012
Tamil Nadu,2026-11,11,604743.0833333329,0.0,1297433.5048745777,0.0,1663770.56088469
Tamil Nadu,2026-12,12,632565.9999999995,0.0,1356057.5493091843,0.0,1738684.1253088936
Telangana,2026-01,1,290179.8928571428,170769.16529691577,409590.62041736976,107617.4700661561,472742.31564812944
Telangana,2026-02,2,326983.4523809523,158111.18197244054,495855.72278946405,68801.1980902479,585165.7066716567
Telangana,2026-03,3,363787.01190476184,156961.56480168347,570612.4590078401,47579.62007790257,679994.4037316211
Telangana,2026-04,4,400590.57142857136,161769.11630811734,639412.0265490254,35465.72584659798,765715.4170105448
Telangana,2026-05,5,437394.13095238083,170383.62688500562,704404.635019756,29172.143454677716,845616.118450084
Telangana,2026-06,6,474197.69047619036,181702.33813913778,766693.0428132429,27012.90843202261,921382.4725203582
Telangana,2026-07,7,511001.2499999999,195070.1610023526,826932.3389976472,27986.48054961872,994016.019450381
Telangana,2026-08,8,547804.8095238095,210060.26870678592,885549.350340833,31440.300942400645,1064169.3181052182
Telangana,2026-09,9,584608.3690476189,226376.18636693794,942840.5517282999,36921.1006746589,1132295.6374205789
Telangana,2026-10,10,621411.9285714284,243802.0524232699,999021.8047195869,44098.85739327653,1198724.9997495804
Telangana,2026-11,11,658215.488095238,262174.9088346143,1054256.0673558617,52724.43087930791,1263706.545311168
Telangana,2026-12,12,695019.0476190475,281368.15341289074,1108669.941825204,62604.26396532892,1327433.831272766
Tripura,2026-01,1,29641.999999999993,21545.67384288572,37738.326157114265,17263.841444661484,42020.1585553385
Tripura,2026-02,2,33807.69999999999,22357.765743212945,45257.63425678703,16302.34029383571,51313.05970616427
Tripura,2026-03,3,37973.39999999999,23950.151741229187,51996.64825877079,16533.800478010315,59412.99952198966
Tripura,2026-04,4,42139.099999999984,25946.44768577144,58331.75231422853,17382.782889322963,66895.41711067701
Tripura,2026-05,5,46304.79999999998,28200.86434468283,64408.735655317134,18626.396033992478,73983.20396600748
Tripura,2026-06,6,50470.49999999998,30638.632123921427,70302.36787607853,20150.327584154456,80790.6724158455
Tripura,2026-07,7,54636.199999999975,33215.33445500836,76057.0655449916,21886.670773647733,87385.72922635221
Tripura,2026-08,8,58801.89999999997,35902.03148642588,81701.76851357406,23791.180587671413,93812.61941232852
Tripura,2026-09,9,62967.59999999997,38678.62152865715,87256.57847134279,25833.124333984437,100102.0756660155
Tripura,2026-10,10,67133.29999999996,41530.46866392059,92736.13133607933,27990.125726430888,106276.47427356904
Tripura,2026-11,11,71298.99999999997,44446.52395651191,98151.47604348803,30245.292476414485,112352.70752358546
Tripura,2026-12,12,75464.69999999995,47418.20348245835,103511.19651754155,32585.50095602061,118343.8990439793
Uttar Pradesh,2026-01,1,1089114.138888888,332706.8731821249,1845521.4045956512,0.0,2245555.8243688066
Uttar Pradesh,2026-02,2,1163370.0555555548,93648.64171550097,2233091.4693956086,0.0,2798825.571254857
Uttar Pradesh,2026-03,3,1237625.9722222213,0.0,2547761.7876405865,0.0,3240641.7274640277
Uttar Pradesh,2026-04,4,1311881.8888888878,0.0,2824696.4203024143,0.0,3624765.259848725
Uttar Pradesh,2026-05,5,1386137.8055555546,0.0,3077515.8703506226,0.0,3972020.0263030846
Uttar Pradesh,2026-06,6,1460393.722222221,0.0,3313205.560937607,0.0,4293085.768932172
Uttar Pradesh,2026-07,7,1534649.6388888876,0.0,3535915.1538313385,0.0,4594306.744417127
Uttar Pradesh,2026-08,8,1608905.555555554,0.0,3748348.383235662,0.0,4879816.586954159
Uttar Pradesh,2026-09,9,1683161.4722222206,0.0,3952383.26934251,0.0,5152486.5286619775
Uttar Pradesh,2026-10,10,1757417.3888888871,0.0,4149387.187222432,0.0,5414407.096169502
Uttar Pradesh,2026-11,11,1831673.3055555539,0.0,4340392.394603549,0.0,5667156.468218635
Uttar Pradesh,2026-12,12,1905929.2222222204,0.0,4526200.853058951,0.0,5911960.732705833
Uttarakhand,2026-01,1,46255.638888888876,20748.06316894324,71763.2146088345,7258.0972265694945,85253.18055120826
Uttarakhand,2026-02,2,48008.52222222221,11935.362695816424,84081.68174862799,0.0,103159.3745402841
Uttarakhand,2026-03,3,49761.40555555554,5580.988430699421,93941.82268041166,0.0,117307.12908497675
Uttarakhand,2026-04,4,51514.28888888887,499.1374489976006,102529.44032878014,0.0,129509.37221352763
Uttarakhand,2026-05,5,53267.1722222222,0.0,110303.84547324378,0.0,140468.32633454847
Uttarakhand,2026-06,6,55020.055555555526,0.0,117500.60064482759,0.0,150544.1338511665
Uttarakhand,2026-07,7,56772.93888888886,0.0,124259.64079201434,0.0,159950.73587026636
Uttarakhand,2026-08,8,58525.82222222219,0.0,130672.14127503376,0.0,168827.52685834595
Uttarakhand,2026-09,9,60278.70555555552,0.0,136801.43271539244,0.0,177271.33054251366
Uttarakhand,2026-10,10,62031.58888888885,0.0,142693.6257531263,0.0,185352.6436891271
Uttarakhand,2026-11,11,63784.472222222175,0.0,148383.53019686136,0.0,193124.68566238816
Uttarakhand,2026-12,12,65537.3555555555,0.0,153898.18980526773,0.0,200628.80261439795
West Bengal,2026-01,1,603997.9999999999,291830.64811854635,916165.3518814534,126737.46202211466,1081258.537977885
West Bengal,2026-02,2,661590.5333333332,220119.2305724873,1103061.8360941792,0.0,1336538.8589271381
West Bengal,2026-03,3,719183.0666666665,178493.35274375707,1259872.7805895759,0.0,1545822.5668920195
West Bengal,2026-04,4,776775.5999999999,152440.8962370928,1401110.303762907,0.0,1731296.6759557703
West Bengal,2026-05,5,834368.1333333332,136340.71417030622,1532395.5524963601,0.0,1901555.1392300045
West Bengal,2026-06,6,891960.6666666664,127309.94020125899,1656611.3931320738,0.0,2061005.4590786775
West Bengal,2026-07,7,949553.1999999997,123636.01948808262,1775470.3805119167,0.0,2212265.8940743813
West Bengal,2026-08,8,1007145.733333333,124203.1278116412,1890088.338855025,0.0,2357042.384520943
West Bengal,2026-09,9,1064738.2666666664,128236.21102230577,2001240.322311027,0.0,2496519.880600322
West Bengal,2026-10,10,1122330.7999999996,135170.95691135747,2109490.6430886416,0.0,2631561.1373274084
West Bengal,2026-11,11,1179923.333333333,144581.3553437069,2215265.311322959,0.0,2762817.465049142
West Bengal,2026-12,12,1237515.8666666662,156136.4388208473,2318895.294512485,0.0,2890794.8671173723
