year_month,E_total,D_total,B_total,demo_update_ratio,biometric_update_ratio,update_to_enrol_ratio,E_child_share,D_adult_share,B_adult_share,Total_Activity
2025-03,16582,7404007,7287124,2256.28080180976,2475.483752782255,4731.764554592015,0.4133925860680845,0.9099343156909061,0.5764795857781868,14707713
2025-04,222050,876078,7374676,22.101510574208746,128.8947522275102,150.99626280171893,0.6767402759199487,0.8714127879717202,0.5243254722164343,8472804
2025-05,164899,835713,6459169,14.687462514758344,140.3859725979576,155.07343511271594,0.6463797384091836,0.8728659915310109,0.5355552659612717,7459781
2025-06,150519,1025684,6491213,22.887896749366085,99.48581698139917,122.37371373076525,0.5743861809230703,0.8841006176410273,0.5390981038140075,7667416
2025-07,573368,1502171,9091032,9.385191242572272,113.99216387856971,123.37735512114197,0.6081512069464681,0.8787092413109199,0.5562781392991609,11166571
2025-09,1475631,5972927,6513269,4.179779882784468,5.375775414231146,9.555555297015614,0.7211144379206732,0.8872977022446122,0.49901281865808755,13961827
2025-10,779474,3832918,4233688,5.167844921896473,6.95766124426115,12.125506166157624,0.7256191823560351,0.8786145361674368,0.46820938150818125,8846080
2025-11,1052438,7083965,6770633,7.201755663839453,7.880118297058827,15.08187396089828,0.7361339514003031,0.8856226154972537,0.46317984529720463,14907036
2025-12,733135,7117409,8206947,11.55761528361409,14.330027056099198,25.887642339713288,0.7733610564076232,0.8881548251080162,0.45277968922552614,16057491
